keyword_id,bid
793773309,-1.16692311169e-05
470257755,-1.16692311169e-05
357264757,-1.16692311169e-05
723503856,-1.16692311169e-05
110328409,-1.16692311169e-05
268236075,-1.16692311169e-05
760807531,-1.16692311169e-05
266399263,-1.16692311169e-05
397027376,-1.16692311169e-05
194277596,-1.16692311169e-05
656391887,-1.00559143139e-05
174024317,-1.00559143139e-05
333444477,-1.00559143139e-05
349230531,-1.00559143139e-05
470240877,-1.00559143139e-05
249552866,-1.00559143139e-05
466806613,-1.00559143139e-05
226348958,-1.00559143139e-05
668291786,-1.00559143139e-05
108484471,-1.00559143139e-05
190067799,1.57355737705
471097255,1.57355737705
592421365,1.57355737705
703907437,1.57355737705
596811178,1.57355737705
618271606,1.57355737705
197224908,1.57355737705
242145016,1.57355737705
455199885,1.57355737705
472735902,1.57355737705
325855014,-2.37647026886e-05
810240081,-2.37647026886e-05
421703543,-2.37647026886e-05
567071691,-2.37647026886e-05
511928721,-2.37647026886e-05
859084067,-2.37647026886e-05
813214558,-2.37647026886e-05
631256973,-2.37647026886e-05
572803935,-2.37647026886e-05
646765856,-2.37647026886e-05
836799096,0.39479804665
858624877,0.39479804665
598723491,0.39479804665
444594251,0.39479804665
465369564,0.39479804665
674909863,0.39479804665
831960214,0.39479804665
742568193,0.39479804665
108645910,0.39479804665
829201402,0.39479804665
755419691,0.388718579884
746537167,0.388718579884
305948288,0.388718579884
785076015,0.388718579884
362982372,0.388718579884
264750549,0.388718579884
346014362,0.388718579884
620714808,0.388718579884
815770007,0.388718579884
883501542,0.388718579884
860554433,0.786913666329
222361410,0.786913666329
494265855,0.786913666329
667843127,0.786913666329
370088980,0.786913666329
261006541,0.786913666329
592135854,0.786913666329
412342718,0.786913666329
619194469,0.786913666329
375549581,0.786913666329
682385687,1.78946153846
537869975,1.78946153846
147075758,1.78946153846
540282177,1.78946153846
271513077,1.78946153846
534340959,1.78946153846
852643574,1.78946153846
361906971,1.78946153846
790204461,1.78946153846
294057607,1.78946153846
607692757,0.368589775875
876005041,0.368589775875
871367971,0.368589775875
389870637,0.368589775875
578084300,0.368589775875
528737360,0.368589775875
868823105,0.368589775875
494122333,0.368589775875
530609826,0.368589775875
715887042,0.368589775875
500516457,4.08069961364
472853070,4.08069961364
593811616,4.08069961364
215647896,4.08069961364
422946111,4.08069961364
722999683,4.08069961364
221301691,4.08069961364
836794082,4.08069961364
329079656,4.08069961364
870106791,4.08069961364
676595346,0.176771138249
294069365,0.176771138249
779849610,0.176771138249
587204261,0.176771138249
378222015,0.176771138249
506219197,0.176771138249
687150361,0.176771138249
128225004,0.176771138249
184500207,0.176771138249
516860658,0.176771138249
257119901,0.0213099518138
171472619,0.0213099518138
875848275,0.0213099518138
437027927,0.0213099518138
762170249,0.0213099518138
704142583,0.0213099518138
843050787,0.0213099518138
722465808,0.0213099518138
601323411,0.0213099518138
270740713,0.0213099518138
571059548,1.90509303593
561374405,1.90509303593
338517318,1.90509303593
100087409,1.90509303593
617559021,1.90509303593
811703958,1.90509303593
611483887,1.90509303593
389028519,1.90509303593
502548585,1.90509303593
272895776,1.90509303593
235215377,0.827583040936
313164485,0.827583040936
505348646,0.827583040936
356157372,0.827583040936
477070523,0.827583040936
129077206,0.827583040936
360732200,0.827583040936
404149956,0.827583040936
394914151,0.827583040936
291615945,0.827583040936
234290104,6.6873429997
761899266,6.6873429997
397651075,6.6873429997
418506788,6.6873429997
898766480,6.6873429997
178583147,6.6873429997
860815204,6.6873429997
674618624,6.6873429997
711329930,6.6873429997
532910272,6.6873429997
345508387,0.677898639489
213775631,0.677898639489
878496310,0.677898639489
792789188,0.677898639489
649741027,0.677898639489
660954640,0.677898639489
706544062,0.677898639489
760997783,0.677898639489
209456163,0.677898639489
372569534,0.677898639489
369689766,1.54347244094
355602678,1.54347244094
348865567,1.54347244094
468632875,1.54347244094
101379432,1.54347244094
595953926,1.54347244094
463488082,1.54347244094
217292010,1.54347244094
627253754,1.54347244094
339485567,1.54347244094
687435736,4.2438
113567057,4.2438
893465151,4.2438
617746129,4.2438
793322818,4.2438
820190569,4.2438
759448908,4.2438
229852632,4.2438
692882076,4.2438
679724042,4.2438
741378813,0.39479804665
344082780,0.39479804665
563863008,0.39479804665
135424750,0.39479804665
211278662,0.39479804665
700817325,0.39479804665
784024183,0.39479804665
223672906,0.39479804665
858851009,0.39479804665
177456101,0.39479804665
813207063,5.91443421053
496012919,5.91443421053
255356264,5.91443421053
111898488,5.91443421053
829702441,5.91443421053
261935539,5.91443421053
113639336,5.91443421053
548822006,5.91443421053
746337098,5.91443421053
754804126,5.91443421053
511393443,2.93924814815
877020933,2.93924814815
690748850,2.93924814815
236208671,2.93924814815
578555653,2.93924814815
612445712,2.93924814815
165756732,2.93924814815
707042649,2.93924814815
794858365,2.93924814815
414899758,2.93924814815
790908713,7.6022802729
834813357,7.6022802729
167648288,7.6022802729
122372710,7.6022802729
115070265,7.6022802729
626944827,7.6022802729
179120319,7.6022802729
364091457,7.6022802729
593657564,7.6022802729
881104138,7.6022802729
383537622,0.518623228346
330506200,0.518623228346
399477572,0.518623228346
395816939,0.518623228346
590763481,0.518623228346
116100751,0.518623228346
399486015,0.518623228346
830844151,0.518623228346
311126636,0.518623228346
100642891,0.518623228346
154039488,-1.70326128237e-05
151333739,-1.70326128237e-05
432995598,-1.70326128237e-05
376544533,-1.70326128237e-05
891060112,-1.70326128237e-05
768444694,-1.70326128237e-05
446407794,-1.70326128237e-05
563325930,-1.70326128237e-05
884830331,-1.70326128237e-05
466547275,-1.70326128237e-05
703410781,-1.38512272268e-05
691234672,-1.38512272268e-05
795821279,-1.38512272268e-05
588861896,-1.38512272268e-05
767584039,-1.38512272268e-05
196415082,-1.38512272268e-05
752858703,-1.38512272268e-05
472006798,-1.38512272268e-05
882620367,-1.38512272268e-05
324656385,-1.38512272268e-05
279618020,1.76354068241
605354471,1.76354068241
857781849,1.76354068241
383664683,1.76354068241
767678098,1.76354068241
804303718,1.76354068241
124896776,1.76354068241
616305175,1.76354068241
584262333,1.76354068241
195440385,1.76354068241
490989284,0.662548455003
688884587,0.662548455003
247984236,0.662548455003
841721164,0.662548455003
426085239,0.662548455003
715150130,0.662548455003
397525022,0.662548455003
129040384,0.662548455003
838866686,0.662548455003
348066382,0.662548455003
811758711,11.4497318853
257761072,11.4497318853
225836134,11.4497318853
297604604,11.4497318853
181809112,11.4497318853
756941960,11.4497318853
308645927,11.4497318853
213832162,11.4497318853
329241428,11.4497318853
219876922,11.4497318853
359522625,-1.16692311169e-05
814855587,-1.16692311169e-05
298609783,-1.16692311169e-05
527937595,-1.16692311169e-05
308595463,-1.16692311169e-05
656782964,-1.16692311169e-05
390858956,-1.16692311169e-05
864748655,-1.16692311169e-05
653556950,-1.16692311169e-05
467417520,-1.16692311169e-05
439577406,8.07132866656
286701981,8.07132866656
537117118,8.07132866656
385388381,8.07132866656
634949862,8.07132866656
375673266,8.07132866656
521334549,8.07132866656
394419755,8.07132866656
767133433,8.07132866656
175742516,8.07132866656
404611296,3.38087253414
207154399,3.38087253414
134564506,3.38087253414
157538763,3.38087253414
123800076,3.38087253414
353169625,3.38087253414
765485217,3.38087253414
319239004,3.38087253414
867327479,3.38087253414
313102589,3.38087253414
208924907,0.254513386626
759754324,0.254513386626
545595933,0.254513386626
714690683,0.254513386626
833466502,0.254513386626
607544230,0.254513386626
839434054,0.254513386626
883433921,0.254513386626
621299598,0.254513386626
749993462,0.254513386626
744642595,3.23472392638
396251819,3.23472392638
129961813,3.23472392638
776892022,3.23472392638
839786187,3.23472392638
442932222,3.23472392638
729089591,3.23472392638
881431562,3.23472392638
837525956,3.23472392638
167695933,3.23472392638
632610869,1.7253869084
460574480,1.7253869084
447558721,1.7253869084
604864548,1.7253869084
841517790,1.7253869084
660193457,1.7253869084
103940145,1.7253869084
814863898,1.7253869084
537011962,1.7253869084
307345981,1.7253869084
738129245,-1.00559143139e-05
890298666,-1.00559143139e-05
262921414,-1.00559143139e-05
763440999,-1.00559143139e-05
143284805,-1.00559143139e-05
189248330,-1.00559143139e-05
822058415,-1.00559143139e-05
785144711,-1.00559143139e-05
258529193,-1.00559143139e-05
200536416,-1.00559143139e-05
305483580,0.32957394836
117412816,0.32957394836
208412361,0.32957394836
894170656,0.32957394836
433753344,0.32957394836
393860298,0.32957394836
336705734,0.32957394836
149887012,0.32957394836
198048407,0.32957394836
607124071,0.32957394836
453375725,-1.58038947377e-05
134194776,-1.58038947377e-05
354677643,-1.58038947377e-05
547490032,-1.58038947377e-05
596587260,-1.58038947377e-05
777015500,-1.58038947377e-05
415841914,-1.58038947377e-05
267919898,-1.58038947377e-05
889061751,-1.58038947377e-05
730072507,-1.58038947377e-05
833835137,0.0323038808135
371642269,0.0323038808135
853965769,0.0323038808135
674690613,0.0323038808135
717549962,0.0323038808135
740514848,0.0323038808135
821062339,0.0323038808135
422811580,0.0323038808135
659109905,0.0323038808135
562448047,0.0323038808135
599895459,8.11590599676
711578153,8.11590599676
884887557,8.11590599676
457939929,8.11590599676
237736700,8.11590599676
651186136,8.11590599676
175669039,8.11590599676
412254099,8.11590599676
784374392,8.11590599676
104777447,8.11590599676
386899557,0.608345015576
724838457,0.608345015576
493841000,0.608345015576
209430963,0.608345015576
742154340,0.608345015576
552576657,0.608345015576
804904046,0.608345015576
858487062,0.608345015576
509398313,0.608345015576
106073492,0.608345015576
290058811,-1.60840372944e-05
393276647,-1.60840372944e-05
801630750,-1.60840372944e-05
867072321,-1.60840372944e-05
815137152,-1.60840372944e-05
329753923,-1.60840372944e-05
888095010,-1.60840372944e-05
773078225,-1.60840372944e-05
627603612,-1.60840372944e-05
560465338,-1.60840372944e-05
299806089,1.26113858604
280804846,1.26113858604
338435900,1.26113858604
245795935,1.26113858604
368723027,1.26113858604
205261138,1.26113858604
487709446,1.26113858604
671420483,1.26113858604
588002376,1.26113858604
534927232,1.26113858604
629577951,-1.38512272268e-05
581856249,-1.38512272268e-05
318905865,-1.38512272268e-05
120284093,-1.38512272268e-05
573878878,-1.38512272268e-05
820862819,-1.38512272268e-05
624571623,-1.38512272268e-05
494990721,-1.38512272268e-05
726817959,-1.38512272268e-05
391882939,-1.38512272268e-05
478344121,12.0
518481707,12.0
129999139,12.0
547025539,12.0
775704481,12.0
768821735,12.0
803963551,12.0
112801534,12.0
245345473,12.0
126905811,12.0
695398560,1.88749874887
849692463,1.88749874887
762648944,1.88749874887
707207474,1.88749874887
659382298,1.88749874887
682902331,1.88749874887
119001327,1.88749874887
367782040,1.88749874887
364806875,1.88749874887
263497829,1.88749874887
286546840,-1.58038947377e-05
462415407,-1.58038947377e-05
512651163,-1.58038947377e-05
406290704,-1.58038947377e-05
469744616,-1.58038947377e-05
523978067,-1.58038947377e-05
680352514,-1.58038947377e-05
282192186,-1.58038947377e-05
726821037,-1.58038947377e-05
576704060,-1.58038947377e-05
325792491,1.84735081046
876425474,1.84735081046
677365211,1.84735081046
399034814,1.84735081046
652731498,1.84735081046
714352945,1.84735081046
610742561,1.84735081046
212920440,1.84735081046
413162489,1.84735081046
100891796,1.84735081046
498677864,12.0
482224358,12.0
165263458,12.0
462180435,12.0
605987812,12.0
712621870,12.0
293153421,12.0
876140072,12.0
589930574,12.0
794779108,12.0
376112493,1.54347244094
867194410,1.54347244094
132272768,1.54347244094
584183061,1.54347244094
554080269,1.54347244094
487776968,1.54347244094
134015116,1.54347244094
550553741,1.54347244094
719516608,1.54347244094
658163528,1.54347244094
787986260,-1.40608037587e-05
421919433,-1.40608037587e-05
866641216,-1.40608037587e-05
799538611,-1.40608037587e-05
495794569,-1.40608037587e-05
629883332,-1.40608037587e-05
175412739,-1.40608037587e-05
516626050,-1.40608037587e-05
493039648,-1.40608037587e-05
606482290,-1.40608037587e-05
312426666,-1.78581740992e-05
136000841,-1.78581740992e-05
708003752,-1.78581740992e-05
464771421,-1.78581740992e-05
735453414,-1.78581740992e-05
682250152,-1.78581740992e-05
306399211,-1.78581740992e-05
704659576,-1.78581740992e-05
489843346,-1.78581740992e-05
669806051,-1.78581740992e-05
199316999,-1.00559143139e-05
115992356,-1.00559143139e-05
265194646,-1.00559143139e-05
745391430,-1.00559143139e-05
330761242,-1.00559143139e-05
528858414,-1.00559143139e-05
761568561,-1.00559143139e-05
571767995,-1.00559143139e-05
317078439,-1.00559143139e-05
808851720,-1.00559143139e-05
761533537,3.23472392638
235897075,3.23472392638
564847778,3.23472392638
484600218,3.23472392638
149544391,3.23472392638
676188907,3.23472392638
483618536,3.23472392638
552662843,3.23472392638
793055795,3.23472392638
868913402,3.23472392638
817065415,12.0
534797881,12.0
514189679,12.0
537451642,12.0
452702785,12.0
740661132,12.0
277836435,12.0
617520528,12.0
184405320,12.0
363746957,12.0
361591776,0.864807061959
369131359,0.864807061959
450294861,0.864807061959
371462857,0.864807061959
840728142,0.864807061959
869234464,0.864807061959
751089512,0.864807061959
765980581,0.864807061959
269104658,0.864807061959
805415835,0.864807061959
661874478,1.76354068241
612754466,1.76354068241
720766481,1.76354068241
713114283,1.76354068241
592392237,1.76354068241
402153294,1.76354068241
522788805,1.76354068241
568078791,1.76354068241
139563662,1.76354068241
665072454,1.76354068241
338379336,1.62966052376
625891347,1.62966052376
157175432,1.62966052376
170179073,1.62966052376
517271333,1.62966052376
669132108,1.62966052376
710992672,1.62966052376
225413280,1.62966052376
530999646,1.62966052376
866604402,1.62966052376
826439568,2.13356190476
335564200,2.13356190476
392812507,2.13356190476
411612989,2.13356190476
269541670,2.13356190476
530330620,2.13356190476
606511645,2.13356190476
312612963,2.13356190476
146811530,2.13356190476
265615082,2.13356190476
187887676,-1.58038947377e-05
897915117,-1.58038947377e-05
881761769,-1.58038947377e-05
618387478,-1.58038947377e-05
230336045,-1.58038947377e-05
570198016,-1.58038947377e-05
106885300,-1.58038947377e-05
790443054,-1.58038947377e-05
725929669,-1.58038947377e-05
156523114,-1.58038947377e-05
549789231,1.25002081813
462757084,1.25002081813
120312568,1.25002081813
570029513,1.25002081813
219787632,1.25002081813
192566073,1.25002081813
415031157,1.25002081813
401441688,1.25002081813
163292871,1.25002081813
175217681,1.25002081813
520972011,7.60584303351
865511283,7.60584303351
892649812,7.60584303351
218319470,7.60584303351
760405099,7.60584303351
285469501,7.60584303351
583451276,7.60584303351
619261081,7.60584303351
730315357,7.60584303351
564552106,7.60584303351
132532237,12.0
232509236,12.0
256806888,12.0
426561913,12.0
305439664,12.0
271938395,12.0
342207297,12.0
166579580,12.0
220471106,12.0
827672621,12.0
199100782,-1.70326128237e-05
827138906,-1.70326128237e-05
764240437,-1.70326128237e-05
447797751,-1.70326128237e-05
622695307,-1.70326128237e-05
431710769,-1.70326128237e-05
147818877,-1.70326128237e-05
897920446,-1.70326128237e-05
721136147,-1.70326128237e-05
888952520,-1.70326128237e-05
859264828,12.0
397405576,12.0
415321094,12.0
189189243,12.0
833033739,12.0
157021801,12.0
282317547,12.0
681858310,12.0
207204112,12.0
749189320,12.0
246330403,-1.22103011106e-05
506047068,-1.22103011106e-05
252045776,-1.22103011106e-05
462013306,-1.22103011106e-05
644996416,-1.22103011106e-05
705992448,-1.22103011106e-05
315515729,-1.22103011106e-05
512583919,-1.22103011106e-05
567134911,-1.22103011106e-05
854306061,-1.22103011106e-05
242349357,-1.30094384808e-05
112907358,-1.30094384808e-05
721948462,-1.30094384808e-05
783251670,-1.30094384808e-05
858704447,-1.30094384808e-05
141691878,-1.30094384808e-05
721651970,-1.30094384808e-05
579328381,-1.30094384808e-05
283263503,-1.30094384808e-05
416255208,-1.30094384808e-05
661915691,-1.50599781965e-05
597640719,-1.50599781965e-05
349716936,-1.50599781965e-05
246774766,-1.50599781965e-05
617337158,-1.50599781965e-05
578294019,-1.50599781965e-05
295903352,-1.50599781965e-05
302704386,-1.50599781965e-05
142301606,-1.50599781965e-05
423919688,-1.50599781965e-05
455647534,4.22882685601
172854328,4.22882685601
130190611,4.22882685601
447938637,4.22882685601
590443124,4.22882685601
819948941,4.22882685601
794765172,4.22882685601
193408385,4.22882685601
753919201,4.22882685601
268903411,4.22882685601
213746642,2.12811490126
772779824,2.12811490126
112318695,2.12811490126
619288954,2.12811490126
603358536,2.12811490126
530384550,2.12811490126
873133268,2.12811490126
293774588,2.12811490126
304467852,2.12811490126
410057518,2.12811490126
228936724,1.26113858604
540302818,1.26113858604
425697136,1.26113858604
864828468,1.26113858604
302342341,1.26113858604
420822089,1.26113858604
318052112,1.26113858604
635936181,1.26113858604
453443081,1.26113858604
701912850,1.26113858604
614790525,1.20759132147
367119554,1.20759132147
170086906,1.20759132147
408314251,1.20759132147
111185151,1.20759132147
224229175,1.20759132147
526801593,1.20759132147
555524701,1.20759132147
858302261,1.20759132147
280552316,1.20759132147
141099247,-1.78581740992e-05
548697531,-1.78581740992e-05
651996067,-1.78581740992e-05
509252382,-1.78581740992e-05
399863144,-1.78581740992e-05
533393782,-1.78581740992e-05
654243126,-1.78581740992e-05
578818746,-1.78581740992e-05
200217942,-1.78581740992e-05
152167393,-1.78581740992e-05
265580788,1.51744934446
315002293,1.51744934446
718424333,1.51744934446
605918750,1.51744934446
182059046,1.51744934446
201555799,1.51744934446
383362625,1.51744934446
637835753,1.51744934446
674639752,1.51744934446
836541508,1.51744934446
807332119,-1.22103011106e-05
785322442,-1.22103011106e-05
489412374,-1.22103011106e-05
199950931,-1.22103011106e-05
513959965,-1.22103011106e-05
755539648,-1.22103011106e-05
228455049,-1.22103011106e-05
861761206,-1.22103011106e-05
284265331,-1.22103011106e-05
137845492,-1.22103011106e-05
791551217,2.25665201465
789208439,2.25665201465
426428702,2.25665201465
185578900,2.25665201465
351565809,2.25665201465
447334481,2.25665201465
868769634,2.25665201465
760613111,2.25665201465
337961652,2.25665201465
377498917,2.25665201465
670582354,-1.38512272268e-05
588054708,-1.38512272268e-05
155596332,-1.38512272268e-05
496456009,-1.38512272268e-05
665906394,-1.38512272268e-05
756085405,-1.38512272268e-05
583207651,-1.38512272268e-05
868171703,-1.38512272268e-05
350789653,-1.38512272268e-05
745719449,-1.38512272268e-05
340072819,2.27723181818
411373036,2.27723181818
430883035,2.27723181818
570266655,2.27723181818
737267078,2.27723181818
867160254,2.27723181818
341579136,2.27723181818
783763473,2.27723181818
371174643,2.27723181818
458653978,2.27723181818
181707068,2.84573954069
150642414,2.84573954069
508795040,2.84573954069
103021587,2.84573954069
489206880,2.84573954069
787810104,2.84573954069
502016817,2.84573954069
580695755,2.84573954069
561359974,2.84573954069
495217102,2.84573954069
835219552,-1.684182218e-05
510755628,-1.684182218e-05
621001314,-1.684182218e-05
465662861,-1.684182218e-05
551365646,-1.684182218e-05
659557816,-1.684182218e-05
632615275,-1.684182218e-05
754891158,-1.684182218e-05
203886646,-1.684182218e-05
400420588,-1.684182218e-05
266119143,0.0213099518138
122604012,0.0213099518138
324858020,0.0213099518138
647504809,0.0213099518138
516301574,0.0213099518138
182487365,0.0213099518138
606497646,0.0213099518138
483263192,0.0213099518138
381457736,0.0213099518138
345281792,0.0213099518138
672130508,-1.20560093721e-05
588009030,-1.20560093721e-05
624555138,-1.20560093721e-05
148804562,-1.20560093721e-05
805481574,-1.20560093721e-05
393575506,-1.20560093721e-05
500870330,-1.20560093721e-05
631809724,-1.20560093721e-05
580886638,-1.20560093721e-05
347717850,-1.20560093721e-05
100959719,-1.70326128237e-05
241144369,-1.70326128237e-05
378866216,-1.70326128237e-05
310880159,-1.70326128237e-05
452636206,-1.70326128237e-05
696359315,-1.70326128237e-05
759993600,-1.70326128237e-05
652847409,-1.70326128237e-05
707798725,-1.70326128237e-05
739131008,-1.70326128237e-05
834424426,2.13356190476
574663941,2.13356190476
580142390,2.13356190476
281399877,2.13356190476
114995168,2.13356190476
150956307,2.13356190476
300919874,2.13356190476
707921922,2.13356190476
811670976,2.13356190476
504437766,2.13356190476
537573497,0.669116143891
292022103,0.669116143891
495552658,0.669116143891
325167956,0.669116143891
570981880,0.669116143891
515922791,0.669116143891
590304490,0.669116143891
847047188,0.669116143891
498046171,0.669116143891
609019450,0.669116143891
769314532,4.50529054054
336218710,4.50529054054
175949674,4.50529054054
681879211,4.50529054054
771621421,4.50529054054
722518923,4.50529054054
179347600,4.50529054054
849785486,4.50529054054
105331303,4.50529054054
515613849,4.50529054054
773514770,2.81826702997
119401481,2.81826702997
214900944,2.81826702997
837418215,2.81826702997
264777622,2.81826702997
765661791,2.81826702997
771982660,2.81826702997
428596092,2.81826702997
626721899,2.81826702997
509735468,2.81826702997
420574318,-1.50599781965e-05
258098606,-1.50599781965e-05
455749867,-1.50599781965e-05
897799582,-1.50599781965e-05
197967658,-1.50599781965e-05
851945382,-1.50599781965e-05
886979040,-1.50599781965e-05
523899724,-1.50599781965e-05
410118575,-1.50599781965e-05
434003961,-1.50599781965e-05
623327985,0.346273746961
871884504,0.346273746961
530895204,0.346273746961
684394018,0.346273746961
570890537,0.346273746961
752796833,0.346273746961
468593472,0.346273746961
305422642,0.346273746961
273483981,0.346273746961
759856864,0.346273746961
437045657,12.0
473584300,12.0
618375542,12.0
666076980,12.0
474865057,12.0
386185928,12.0
744428053,12.0
834624511,12.0
484815938,12.0
656451597,12.0
452885214,3.23472392638
152638011,3.23472392638
726285671,3.23472392638
195007017,3.23472392638
559017101,3.23472392638
748063648,3.23472392638
824951911,3.23472392638
411651033,3.23472392638
674310836,3.23472392638
449623548,3.23472392638
467889756,-1.20560093721e-05
730387833,-1.20560093721e-05
511628353,-1.20560093721e-05
495772294,-1.20560093721e-05
720219595,-1.20560093721e-05
460107573,-1.20560093721e-05
762208069,-1.20560093721e-05
774771670,-1.20560093721e-05
709042155,-1.20560093721e-05
880013135,-1.20560093721e-05
380564164,-1.00559143139e-05
171226918,-1.00559143139e-05
302496021,-1.00559143139e-05
491573395,-1.00559143139e-05
504120050,-1.00559143139e-05
732781019,-1.00559143139e-05
617206593,-1.00559143139e-05
467707458,-1.00559143139e-05
419339253,-1.00559143139e-05
460107783,-1.00559143139e-05
501291893,6.48041935484
851085111,6.48041935484
486185224,6.48041935484
252639435,6.48041935484
899786849,6.48041935484
810365466,6.48041935484
410846472,6.48041935484
507509027,6.48041935484
795240313,6.48041935484
547222483,6.48041935484
424690653,1.77855586066
144556865,1.77855586066
124753248,1.77855586066
292094790,1.77855586066
637412471,1.77855586066
167345334,1.77855586066
714169111,1.77855586066
761156767,1.77855586066
401966647,1.77855586066
370116477,1.77855586066
675446757,-1.78581740992e-05
514710412,-1.78581740992e-05
856107730,-1.78581740992e-05
856283633,-1.78581740992e-05
880757448,-1.78581740992e-05
423061882,-1.78581740992e-05
420966737,-1.78581740992e-05
759503183,-1.78581740992e-05
267384873,-1.78581740992e-05
493949982,-1.78581740992e-05
307454641,0.386836266145
779868557,0.386836266145
518049975,0.386836266145
451794484,0.386836266145
793307733,0.386836266145
337193793,0.386836266145
556241954,0.386836266145
273059346,0.386836266145
140353870,0.386836266145
823442396,0.386836266145
125380094,0.386836266145
261859789,0.386836266145
812761555,0.386836266145
130254722,0.386836266145
676691511,0.386836266145
460867836,0.386836266145
288229530,0.386836266145
515126376,0.386836266145
724511608,0.386836266145
867717301,0.386836266145
493431404,0.77368399268
836533540,0.77368399268
235541562,0.77368399268
128749088,0.77368399268
273729675,0.77368399268
110469497,0.77368399268
596473800,0.77368399268
703228890,0.77368399268
427700349,0.77368399268
232724574,0.77368399268
315937218,0.707611669767
753333692,0.707611669767
612742354,0.707611669767
801142132,0.707611669767
119612417,0.707611669767
731797813,0.707611669767
282384546,0.707611669767
328202575,0.707611669767
541411900,0.707611669767
733677190,0.707611669767
219275696,0.823793228977
687809467,0.823793228977
307803008,0.823793228977
851720435,0.823793228977
888774073,0.823793228977
489792346,0.823793228977
438489756,0.823793228977
524982089,0.823793228977
111689218,0.823793228977
145323257,0.823793228977
682102725,-1.60840372944e-05
785670068,-1.60840372944e-05
342995846,-1.60840372944e-05
648181124,-1.60840372944e-05
611582129,-1.60840372944e-05
782769822,-1.60840372944e-05
221816837,-1.60840372944e-05
669349942,-1.60840372944e-05
318313393,-1.60840372944e-05
248167413,-1.60840372944e-05
234131195,-1.40608037587e-05
852346820,-1.40608037587e-05
788010696,-1.40608037587e-05
453062082,-1.40608037587e-05
535755827,-1.40608037587e-05
212810631,-1.40608037587e-05
106784818,-1.40608037587e-05
259091445,-1.40608037587e-05
650271612,-1.40608037587e-05
621894007,-1.40608037587e-05
316033472,12.0
212232922,12.0
249451145,12.0
158497183,12.0
680117293,12.0
175988540,12.0
167436179,12.0
400335112,12.0
566499183,12.0
860660184,12.0
451066831,0.5450566067
261215664,0.5450566067
892630442,0.5450566067
581184337,0.5450566067
253382215,0.5450566067
242139705,0.5450566067
505990755,0.5450566067
475252999,0.5450566067
861626861,0.5450566067
831954114,0.5450566067
697204777,-1.00559143139e-05
421892907,-1.00559143139e-05
377373906,-1.00559143139e-05
853616273,-1.00559143139e-05
787234840,-1.00559143139e-05
298844203,-1.00559143139e-05
406672954,-1.00559143139e-05
585001052,-1.00559143139e-05
370092736,-1.00559143139e-05
271983076,-1.00559143139e-05
549764221,1.51744934446
311172693,1.51744934446
229823168,1.51744934446
781241164,1.51744934446
846295620,1.51744934446
269862354,1.51744934446
243658141,1.51744934446
245440118,1.51744934446
602887118,1.51744934446
218327610,1.51744934446
678673065,1.25002081813
212899410,1.25002081813
579964668,1.25002081813
106267477,1.25002081813
589238047,1.25002081813
422500100,1.25002081813
152617255,1.25002081813
365401846,1.25002081813
317950026,1.25002081813
249451807,1.25002081813
494347816,2.72645841785
714609414,2.72645841785
573519383,2.72645841785
807432720,2.72645841785
226860782,2.72645841785
237064686,2.72645841785
375767985,2.72645841785
212817486,2.72645841785
677649094,2.72645841785
655929503,2.72645841785
638497727,-1.40608037587e-05
631199045,-1.40608037587e-05
720053516,-1.40608037587e-05
887662938,-1.40608037587e-05
666348333,-1.40608037587e-05
774473778,-1.40608037587e-05
688157907,-1.40608037587e-05
882335967,-1.40608037587e-05
393707912,-1.40608037587e-05
590929307,-1.40608037587e-05
189505955,2.84573954069
521898350,2.84573954069
675021075,2.84573954069
247534689,2.84573954069
512366196,2.84573954069
600865158,2.84573954069
835048568,2.84573954069
509180180,2.84573954069
319902313,2.84573954069
822990082,2.84573954069
170264817,-1.60840372944e-05
550668482,-1.60840372944e-05
784936623,-1.60840372944e-05
486619689,-1.60840372944e-05
240240610,-1.60840372944e-05
804012900,-1.60840372944e-05
304321033,-1.60840372944e-05
665901497,-1.60840372944e-05
872925113,-1.60840372944e-05
422520244,-1.60840372944e-05
681047032,3.06850872483
646250220,3.06850872483
142920431,3.06850872483
392870964,3.06850872483
507042310,3.06850872483
625919326,3.06850872483
631517803,3.06850872483
647724683,3.06850872483
852516349,3.06850872483
295105396,3.06850872483
103689868,-1.16692311169e-05
531867053,-1.16692311169e-05
473660903,-1.16692311169e-05
131489582,-1.16692311169e-05
423062140,-1.16692311169e-05
749660420,-1.16692311169e-05
763280980,-1.16692311169e-05
622512374,-1.16692311169e-05
754148373,-1.16692311169e-05
614343642,-1.16692311169e-05
615641999,0.180882524461
845126355,0.180882524461
596001699,0.180882524461
200965858,0.180882524461
592083468,0.180882524461
676166800,0.180882524461
582915862,0.180882524461
417078082,0.180882524461
578426732,0.180882524461
518188218,0.180882524461
543838341,2.81826702997
557887122,2.81826702997
766419268,2.81826702997
898448127,2.81826702997
280339915,2.81826702997
480802180,2.81826702997
381982570,2.81826702997
346461742,2.81826702997
163264144,2.81826702997
468705525,2.81826702997
826436654,-1.60840372944e-05
577736754,-1.60840372944e-05
392621092,-1.60840372944e-05
531813100,-1.60840372944e-05
512943821,-1.60840372944e-05
886334929,-1.60840372944e-05
375267041,-1.60840372944e-05
838931043,-1.60840372944e-05
816211197,-1.60840372944e-05
828963775,-1.60840372944e-05
240067171,3.13011627907
835628111,3.13011627907
158574606,3.13011627907
358218732,3.13011627907
595135092,3.13011627907
358509033,3.13011627907
455357322,3.13011627907
424702523,3.13011627907
551001107,3.13011627907
705867830,3.13011627907
750439245,1.41169685917
676649092,1.41169685917
825436090,1.41169685917
160932617,1.41169685917
234343281,1.41169685917
215308961,1.41169685917
567051046,1.41169685917
307490409,1.41169685917
188656375,1.41169685917
779149738,1.41169685917
891339005,6.48041935484
297309622,6.48041935484
893673638,6.48041935484
329254393,6.48041935484
589222068,6.48041935484
551947222,6.48041935484
137546734,6.48041935484
156122058,6.48041935484
349617790,6.48041935484
395374079,6.48041935484
852816739,1.41169685917
876533690,1.41169685917
542742777,1.41169685917
126276372,1.41169685917
526498742,1.41169685917
289851872,1.41169685917
777437563,1.41169685917
841798180,1.41169685917
132851527,1.41169685917
364647869,1.41169685917
708572257,2.98921453287
872411456,2.98921453287
665972039,2.98921453287
382169631,2.98921453287
655660268,2.98921453287
287961083,2.98921453287
740080959,2.98921453287
511510126,2.98921453287
604584669,2.98921453287
159425331,2.98921453287
386274175,4.73485730016
680250178,4.73485730016
310887604,4.73485730016
446913922,4.73485730016
817738232,4.73485730016
172398913,4.73485730016
861399051,4.73485730016
372976868,4.73485730016
484539534,4.73485730016
440010066,4.73485730016
444498488,4.65747678019
147697583,4.65747678019
456613903,4.65747678019
512365280,4.65747678019
484441700,4.65747678019
879010093,4.65747678019
274850523,4.65747678019
204055996,4.65747678019
867988801,4.65747678019
667199262,4.65747678019
214766871,2.22632565485
512427569,2.22632565485
785639544,2.22632565485
629473681,2.22632565485
650867407,2.22632565485
623824397,2.22632565485
340407741,2.22632565485
229854643,2.22632565485
825129083,2.22632565485
520277151,2.22632565485
557817757,-1.16692311169e-05
852603113,-1.16692311169e-05
151834083,-1.16692311169e-05
141033768,-1.16692311169e-05
652038973,-1.16692311169e-05
418428092,-1.16692311169e-05
441570122,-1.16692311169e-05
223598142,-1.16692311169e-05
759115291,-1.16692311169e-05
467408088,-1.16692311169e-05
550621297,6.13290140845
561051606,6.13290140845
185534671,6.13290140845
349397048,6.13290140845
494929274,6.13290140845
193348859,6.13290140845
769573836,6.13290140845
128379935,6.13290140845
280035902,6.13290140845
626763321,6.13290140845
492652050,1.51744934446
656027407,1.51744934446
217849955,1.51744934446
569364845,1.51744934446
849337792,1.51744934446
476388513,1.51744934446
155060005,1.51744934446
532830812,1.51744934446
588059989,1.51744934446
442247855,1.51744934446
717336520,7.6022802729
362156423,7.6022802729
612103855,7.6022802729
805582511,7.6022802729
745040212,7.6022802729
103183756,7.6022802729
278151170,7.6022802729
380085813,7.6022802729
523176699,7.6022802729
720488336,7.6022802729
416423367,-2.37647026886e-05
516828757,-2.37647026886e-05
765561899,-2.37647026886e-05
218667495,-2.37647026886e-05
183470357,-2.37647026886e-05
451563385,-2.37647026886e-05
806828697,-2.37647026886e-05
394011412,-2.37647026886e-05
306860745,-2.37647026886e-05
736529446,-2.37647026886e-05
641904579,12.0
688287075,12.0
326711103,12.0
258743125,12.0
392601450,12.0
273526868,12.0
671235612,12.0
653899574,12.0
122871858,12.0
633572815,12.0
596342653,0.386836266145
589496081,0.386836266145
889476638,0.386836266145
463448547,0.386836266145
368929476,0.386836266145
538159350,0.386836266145
178594835,0.386836266145
868538937,0.386836266145
503469153,0.386836266145
111560412,0.386836266145
774508742,-1.38512272268e-05
306884341,-1.38512272268e-05
371593167,-1.38512272268e-05
864607069,-1.38512272268e-05
670997185,-1.38512272268e-05
728666664,-1.38512272268e-05
694202589,-1.38512272268e-05
257802900,-1.38512272268e-05
682106525,-1.38512272268e-05
566528046,-1.38512272268e-05
837512667,0.864807061959
286116695,0.864807061959
484440977,0.864807061959
629579734,0.864807061959
573366306,0.864807061959
798338152,0.864807061959
131173680,0.864807061959
547570369,0.864807061959
859491959,0.864807061959
206597314,0.864807061959
820301263,0.959095925297
180510227,0.959095925297
693114853,0.959095925297
183313023,0.959095925297
780366857,0.959095925297
350824488,0.959095925297
132883221,0.959095925297
635985151,0.959095925297
630063469,0.959095925297
179757131,0.959095925297
347740167,-1.20560093721e-05
407977433,-1.20560093721e-05
333104066,-1.20560093721e-05
488110921,-1.20560093721e-05
364022885,-1.20560093721e-05
318208459,-1.20560093721e-05
753514476,-1.20560093721e-05
884490583,-1.20560093721e-05
347726044,-1.20560093721e-05
737559442,-1.20560093721e-05
157442227,0.916936170213
187873847,0.916936170213
623083640,0.916936170213
112753057,0.916936170213
229284542,0.916936170213
792576362,0.916936170213
816482660,0.916936170213
174222192,0.916936170213
627862410,0.916936170213
867260200,0.916936170213
564337444,1.76382090275
196841965,1.76382090275
259038172,1.76382090275
177153646,1.76382090275
282741086,1.76382090275
715539108,1.76382090275
181243033,1.76382090275
417498090,1.76382090275
446056215,1.76382090275
786842544,1.76382090275
340287915,-1.20560093721e-05
334100801,-1.20560093721e-05
798954000,-1.20560093721e-05
702806511,-1.20560093721e-05
561580401,-1.20560093721e-05
587649685,-1.20560093721e-05
705017674,-1.20560093721e-05
193189201,-1.20560093721e-05
844274364,-1.20560093721e-05
459652897,-1.20560093721e-05
394892178,-1.20560093721e-05
306094672,-1.20560093721e-05
610417139,-1.20560093721e-05
751399427,-1.20560093721e-05
472496692,-1.20560093721e-05
235389527,-1.20560093721e-05
445320372,-1.20560093721e-05
723541832,-1.20560093721e-05
614686923,-1.20560093721e-05
383213979,-1.20560093721e-05
726477853,4.60325598527
756517473,4.60325598527
421197979,4.60325598527
460925066,4.60325598527
133314416,4.60325598527
249677406,4.60325598527
105929249,4.60325598527
794593841,4.60325598527
801638049,4.60325598527
724264976,4.60325598527
127627368,3.31580223925
834417137,3.31580223925
804400961,3.31580223925
582630837,3.31580223925
262305714,3.31580223925
482528758,3.31580223925
722967229,3.31580223925
547088056,3.31580223925
800593088,3.31580223925
732254614,3.31580223925
450493526,-1.58038947377e-05
451463066,-1.58038947377e-05
720143436,-1.58038947377e-05
329070972,-1.58038947377e-05
638340242,-1.58038947377e-05
284538592,-1.58038947377e-05
715921672,-1.58038947377e-05
194458676,-1.58038947377e-05
145888179,-1.58038947377e-05
702985361,-1.58038947377e-05
273453294,-1.684182218e-05
649694818,-1.684182218e-05
329566577,-1.684182218e-05
198344249,-1.684182218e-05
281012301,-1.684182218e-05
876299630,-1.684182218e-05
542473896,-1.684182218e-05
568399009,-1.684182218e-05
493036318,-1.684182218e-05
717122879,-1.684182218e-05
342643774,0.112991484743
405778303,0.112991484743
189969798,0.112991484743
587483585,0.112991484743
282744758,0.112991484743
169710061,0.112991484743
192813618,0.112991484743
629020265,0.112991484743
866007447,0.112991484743
751148581,0.112991484743
680151110,0.640831067361
258917483,0.640831067361
382314182,0.640831067361
445162427,0.640831067361
839455769,0.640831067361
805147136,0.640831067361
781435359,0.640831067361
840769333,0.640831067361
469375032,0.640831067361
699295667,0.640831067361
626305965,12.0
309556123,12.0
107055218,12.0
827818487,12.0
636760301,12.0
606357594,12.0
109639016,12.0
663483115,12.0
847603961,12.0
312600405,12.0
687991520,0.31151590252
377857686,0.31151590252
305591585,0.31151590252
801864294,0.31151590252
217332253,0.31151590252
890982826,0.31151590252
283375280,0.31151590252
582410765,0.31151590252
607330176,0.31151590252
605849310,0.31151590252
710509814,0.175672628593
665408823,0.175672628593
730447723,0.175672628593
791246012,0.175672628593
417409959,0.175672628593
321557737,0.175672628593
337414897,0.175672628593
569482222,0.175672628593
806240221,0.175672628593
537336398,0.175672628593
591648135,8.89214156003
571221495,8.89214156003
375390631,8.89214156003
249892891,8.89214156003
798082767,8.89214156003
743926725,8.89214156003
478486440,8.89214156003
848823352,8.89214156003
582721955,8.89214156003
294979155,8.89214156003
364392443,-1.22103011106e-05
660868379,-1.22103011106e-05
113465172,-1.22103011106e-05
563841984,-1.22103011106e-05
563695401,-1.22103011106e-05
209644982,-1.22103011106e-05
119933083,-1.22103011106e-05
602839241,-1.22103011106e-05
461790712,-1.22103011106e-05
107158160,-1.22103011106e-05
676304286,-1.16692311169e-05
733619813,-1.16692311169e-05
634525304,-1.16692311169e-05
282651802,-1.16692311169e-05
217107514,-1.16692311169e-05
240566039,-1.16692311169e-05
456062035,-1.16692311169e-05
700935190,-1.16692311169e-05
369034479,-1.16692311169e-05
309428376,-1.16692311169e-05
301238596,1.71994891384
580294875,1.71994891384
670389195,1.71994891384
260185555,1.71994891384
767323383,1.71994891384
260023953,1.71994891384
272524909,1.71994891384
667103857,1.71994891384
750233395,1.71994891384
720461546,1.71994891384
455957389,7.6022802729
876342506,7.6022802729
658509754,7.6022802729
656950573,7.6022802729
655501913,7.6022802729
296847840,7.6022802729
389314664,7.6022802729
439724033,7.6022802729
823482283,7.6022802729
322816524,7.6022802729
355158408,0.540143041237
571808934,0.540143041237
284525908,0.540143041237
720006808,0.540143041237
672170017,0.540143041237
203482112,0.540143041237
878081307,0.540143041237
648268977,0.540143041237
716717156,0.540143041237
529425220,0.540143041237
618793724,-2.37647026886e-05
688254795,-2.37647026886e-05
353489278,-2.37647026886e-05
654224232,-2.37647026886e-05
593364593,-2.37647026886e-05
404001856,-2.37647026886e-05
578871374,-2.37647026886e-05
681579719,-2.37647026886e-05
107208516,-2.37647026886e-05
260447428,-2.37647026886e-05
811837981,-1.16692311169e-05
883975221,-1.16692311169e-05
795651884,-1.16692311169e-05
880442157,-1.16692311169e-05
514007052,-1.16692311169e-05
318833818,-1.16692311169e-05
512880900,-1.16692311169e-05
507328378,-1.16692311169e-05
769528593,-1.16692311169e-05
378644102,-1.16692311169e-05
319652011,-1.50599781965e-05
573210588,-1.50599781965e-05
459964992,-1.50599781965e-05
791184026,-1.50599781965e-05
127795881,-1.50599781965e-05
530722177,-1.50599781965e-05
484386351,-1.50599781965e-05
121486536,-1.50599781965e-05
681557539,-1.50599781965e-05
741475871,-1.50599781965e-05
121282497,6.5058254717
833022400,6.5058254717
883542290,6.5058254717
131347179,6.5058254717
562382364,6.5058254717
779705134,6.5058254717
871036491,6.5058254717
545010799,6.5058254717
475823127,6.5058254717
266849170,6.5058254717
397890265,-1.22103011106e-05
409975726,-1.22103011106e-05
180128883,-1.22103011106e-05
218125994,-1.22103011106e-05
640698183,-1.22103011106e-05
291318722,-1.22103011106e-05
292529573,-1.22103011106e-05
758711550,-1.22103011106e-05
221249455,-1.22103011106e-05
778812653,-1.22103011106e-05
845312303,-1.38512272268e-05
890118244,-1.38512272268e-05
894563688,-1.38512272268e-05
801197677,-1.38512272268e-05
848419433,-1.38512272268e-05
151510548,-1.38512272268e-05
791885344,-1.38512272268e-05
605456376,-1.38512272268e-05
465527310,-1.38512272268e-05
451280063,-1.38512272268e-05
199021293,4.73485730016
703402118,4.73485730016
390008208,4.73485730016
620205900,4.73485730016
104213032,4.73485730016
851795622,4.73485730016
589548310,4.73485730016
824378527,4.73485730016
687823360,4.73485730016
377875317,4.73485730016
251819401,0.403224927407
338877941,0.403224927407
575106129,0.403224927407
153049753,0.403224927407
374319091,0.403224927407
831651663,0.403224927407
622588342,0.403224927407
705625113,0.403224927407
251616823,0.403224927407
486619952,0.403224927407
876280654,0.39922626153
486828829,0.39922626153
609799593,0.39922626153
691819452,0.39922626153
609567376,0.39922626153
481187408,0.39922626153
132159339,0.39922626153
843599340,0.39922626153
155300281,0.39922626153
385244881,0.39922626153
276142262,2.12811490126
490940997,2.12811490126
100250985,2.12811490126
333247813,2.12811490126
314844412,2.12811490126
514218605,2.12811490126
512412064,2.12811490126
664853445,2.12811490126
511275330,2.12811490126
817979115,2.12811490126
321981457,0.112991484743
105456095,0.112991484743
452060928,0.112991484743
774021551,0.112991484743
892358900,0.112991484743
110687583,0.112991484743
499225607,0.112991484743
191713565,0.112991484743
762885470,0.112991484743
498239013,0.112991484743
656475386,0.127092992624
245353260,0.127092992624
297404754,0.127092992624
277878057,0.127092992624
499589345,0.127092992624
449732079,0.127092992624
597422794,0.127092992624
551722857,0.127092992624
426390398,0.127092992624
718365326,0.127092992624
808477539,4.73485730016
151903790,4.73485730016
628569042,4.73485730016
260247048,4.73485730016
618722157,4.73485730016
280759056,4.73485730016
155092964,4.73485730016
165042800,4.73485730016
355116795,4.73485730016
288387429,4.73485730016
576191370,1.40642620482
512599653,1.40642620482
235773953,1.40642620482
156394353,1.40642620482
830237935,1.40642620482
200292705,1.40642620482
349652039,1.40642620482
534734109,1.40642620482
662194139,1.40642620482
575103007,1.40642620482
129448314,-1.70326128237e-05
628494937,-1.70326128237e-05
636676120,-1.70326128237e-05
729130867,-1.70326128237e-05
249825897,-1.70326128237e-05
834602674,-1.70326128237e-05
627368406,-1.70326128237e-05
733277810,-1.70326128237e-05
440705095,-1.70326128237e-05
634592005,-1.70326128237e-05
878099416,12.0
603358744,12.0
130889939,12.0
218524793,12.0
346236974,12.0
310978408,12.0
388080498,12.0
460822068,12.0
595887114,12.0
637662960,12.0
185928842,-1.60840372944e-05
876081729,-1.60840372944e-05
131080549,-1.60840372944e-05
523657275,-1.60840372944e-05
781805240,-1.60840372944e-05
697867261,-1.60840372944e-05
259412227,-1.60840372944e-05
150430216,-1.60840372944e-05
616099937,-1.60840372944e-05
873936295,-1.60840372944e-05
671926438,0.662548455003
632456553,0.662548455003
311081817,0.662548455003
671034161,0.662548455003
347404155,0.662548455003
144977380,0.662548455003
292263183,0.662548455003
485059633,0.662548455003
139635988,0.662548455003
175009847,0.662548455003
142515573,0.201546030907
130811305,0.201546030907
178771317,0.201546030907
441564032,0.201546030907
303076257,0.201546030907
132103544,0.201546030907
184500560,0.201546030907
698646438,0.201546030907
802204129,0.201546030907
327281261,0.201546030907
514575379,0.254513386626
747981567,0.254513386626
690268710,0.254513386626
146815697,0.254513386626
540690612,0.254513386626
446177097,0.254513386626
453729420,0.254513386626
519627950,0.254513386626
628924830,0.254513386626
818747492,0.254513386626
372270227,3.63053435115
669078287,3.63053435115
372000432,3.63053435115
232797953,3.63053435115
651211398,3.63053435115
892879071,3.63053435115
553212091,3.63053435115
188299504,3.63053435115
142011960,3.63053435115
328235031,3.63053435115
839477876,-1.78581740992e-05
619498823,-1.78581740992e-05
194008667,-1.78581740992e-05
797899128,-1.78581740992e-05
268209804,-1.78581740992e-05
561300885,-1.78581740992e-05
280056265,-1.78581740992e-05
248217414,-1.78581740992e-05
187923023,-1.78581740992e-05
267249203,-1.78581740992e-05
307359321,8.07132866656
356916488,8.07132866656
758248072,8.07132866656
680259429,8.07132866656
521575510,8.07132866656
229728975,8.07132866656
700885584,8.07132866656
241545734,8.07132866656
530358717,8.07132866656
888083183,8.07132866656
266785975,-1.40608037587e-05
214258160,-1.40608037587e-05
137217797,-1.40608037587e-05
891480024,-1.40608037587e-05
102015815,-1.40608037587e-05
697571807,-1.40608037587e-05
446069117,-1.40608037587e-05
725623198,-1.40608037587e-05
214324392,-1.40608037587e-05
296677908,-1.40608037587e-05
591124512,8.07132866656
292302700,8.07132866656
535828792,8.07132866656
538141520,8.07132866656
181485379,8.07132866656
112871017,8.07132866656
270323885,8.07132866656
298870560,8.07132866656
783119327,8.07132866656
873774750,8.07132866656
671037736,0.703295473538
205703138,0.703295473538
789860269,0.703295473538
775604586,0.703295473538
592510549,0.703295473538
373270891,0.703295473538
168572722,0.703295473538
340390329,0.703295473538
358015960,0.703295473538
155657300,0.703295473538
241307527,5.13647857425
481535358,5.13647857425
139449507,5.13647857425
696358872,5.13647857425
156063819,5.13647857425
851612359,5.13647857425
117261845,5.13647857425
227475988,5.13647857425
289448988,5.13647857425
483524848,5.13647857425
425080139,-1.58038947377e-05
862478360,-1.58038947377e-05
791520624,-1.58038947377e-05
436246722,-1.58038947377e-05
234103362,-1.58038947377e-05
376894741,-1.58038947377e-05
828589107,-1.58038947377e-05
696790429,-1.58038947377e-05
303617703,-1.58038947377e-05
795180766,-1.58038947377e-05
821094329,2.22632565485
561780612,2.22632565485
685522522,2.22632565485
388141337,2.22632565485
640884251,2.22632565485
833172849,2.22632565485
263740094,2.22632565485
657774525,2.22632565485
626455175,2.22632565485
620131186,2.22632565485
556207041,-1.20560093721e-05
231157592,-1.20560093721e-05
414268756,-1.20560093721e-05
756510839,-1.20560093721e-05
590622518,-1.20560093721e-05
836396549,-1.20560093721e-05
187873787,-1.20560093721e-05
490850580,-1.20560093721e-05
149862888,-1.20560093721e-05
124937719,-1.20560093721e-05
738150384,-1.16692311169e-05
670495211,-1.16692311169e-05
124088639,-1.16692311169e-05
218985760,-1.16692311169e-05
547140368,-1.16692311169e-05
687781678,-1.16692311169e-05
218159588,-1.16692311169e-05
135773954,-1.16692311169e-05
182108138,-1.16692311169e-05
613075565,-1.16692311169e-05
429931480,0.223910117754
812401530,0.223910117754
642312556,0.223910117754
643924562,0.223910117754
586259108,0.223910117754
288724003,0.223910117754
815381843,0.223910117754
372324029,0.223910117754
243125624,0.223910117754
322471936,0.223910117754
723488561,0.388718579884
269016809,0.388718579884
260875280,0.388718579884
384944164,0.388718579884
543724935,0.388718579884
601834410,0.388718579884
840609582,0.388718579884
176818544,0.388718579884
229173312,0.388718579884
424625002,0.388718579884
330925092,2.25665201465
687057073,2.25665201465
296620465,2.25665201465
155055720,2.25665201465
135624643,2.25665201465
613351516,2.25665201465
250667855,2.25665201465
523091194,2.25665201465
839161129,2.25665201465
816003775,2.25665201465
379486887,-1.16692311169e-05
131771248,-1.16692311169e-05
193257829,-1.16692311169e-05
426888228,-1.16692311169e-05
127491418,-1.16692311169e-05
813706545,-1.16692311169e-05
179922651,-1.16692311169e-05
889678201,-1.16692311169e-05
882557263,-1.16692311169e-05
646720136,-1.16692311169e-05
351896234,12.0
626629918,12.0
309182721,12.0
387121208,12.0
284164658,12.0
147424426,12.0
793485202,12.0
821262254,12.0
259102599,12.0
660509930,12.0
595733855,3.78910714286
350708506,3.78910714286
594383333,3.78910714286
546738664,3.78910714286
301034315,3.78910714286
755552333,3.78910714286
789780000,3.78910714286
897708971,3.78910714286
609309823,3.78910714286
799116111,3.78910714286
155013406,0.0213099518138
332787183,0.0213099518138
790056747,0.0213099518138
655182526,0.0213099518138
797904101,0.0213099518138
520239452,0.0213099518138
636726108,0.0213099518138
410835656,0.0213099518138
848183222,0.0213099518138
858219081,0.0213099518138
652695969,3.63250746269
648424296,3.63250746269
246845042,3.63250746269
325711022,3.63250746269
571716504,3.63250746269
664914423,3.63250746269
161066068,3.63250746269
839683488,3.63250746269
289544649,3.63250746269
573483620,3.63250746269
283529855,2.22632565485
555500320,2.22632565485
578587200,2.22632565485
321512672,2.22632565485
491690018,2.22632565485
685300664,2.22632565485
715617078,2.22632565485
460739766,2.22632565485
702583723,2.22632565485
488918108,2.22632565485
592893771,1.85344494892
197476274,1.85344494892
130624243,1.85344494892
814500188,1.85344494892
687293540,1.85344494892
198240141,1.85344494892
800833469,1.85344494892
599367824,1.85344494892
583896097,1.85344494892
355935173,1.85344494892
598326042,1.57053643725
206819184,1.57053643725
698449212,1.57053643725
360426361,1.57053643725
819710286,1.57053643725
268793610,1.57053643725
334055062,1.57053643725
344208411,1.57053643725
702693133,1.57053643725
603994306,1.57053643725
659949682,12.0
408055270,12.0
506784758,12.0
585102034,12.0
644530451,12.0
808121546,12.0
817987287,12.0
565262251,12.0
724849691,12.0
750901127,12.0
843971304,1.26113858604
191962702,1.26113858604
413579566,1.26113858604
192046978,1.26113858604
669972177,1.26113858604
617883999,1.26113858604
857267059,1.26113858604
142072686,1.26113858604
656414560,1.26113858604
446432875,1.26113858604
234589248,12.0
623806740,12.0
248254096,12.0
448062833,12.0
245170474,12.0
338689886,12.0
289342381,12.0
820905907,12.0
185035434,12.0
896438626,12.0
158349875,6.98431034483
251507987,6.98431034483
458426685,6.98431034483
819643392,6.98431034483
179698252,6.98431034483
811386039,6.98431034483
177491829,6.98431034483
515496695,6.98431034483
456671736,6.98431034483
150336449,6.98431034483
305343220,4.65747678019
113780129,4.65747678019
782446845,4.65747678019
490648188,4.65747678019
493768993,4.65747678019
107303483,4.65747678019
237189367,4.65747678019
595640320,4.65747678019
143621932,4.65747678019
198118640,4.65747678019
193723089,4.22882685601
849508696,4.22882685601
161622303,4.22882685601
678602040,4.22882685601
871789361,4.22882685601
836776515,4.22882685601
732932957,4.22882685601
419153204,4.22882685601
233306548,4.22882685601
856463699,4.22882685601
600265770,-1.00559143139e-05
127828301,-1.00559143139e-05
584520590,-1.00559143139e-05
382186419,-1.00559143139e-05
265881672,-1.00559143139e-05
615502113,-1.00559143139e-05
596129881,-1.00559143139e-05
645502448,-1.00559143139e-05
342420210,-1.00559143139e-05
562986038,-1.00559143139e-05
570003891,6.91102387268
644669082,6.91102387268
387520174,6.91102387268
853448332,6.91102387268
123854632,6.91102387268
637429940,6.91102387268
763392432,6.91102387268
356285676,6.91102387268
657796984,6.91102387268
124181119,6.91102387268
661353793,0.95461573861
606125985,0.95461573861
502983065,0.95461573861
144244793,0.95461573861
191843995,0.95461573861
122968628,0.95461573861
124155561,0.95461573861
338455353,0.95461573861
882191195,0.95461573861
430944446,0.95461573861
650812944,0.77368399268
654117386,0.77368399268
446074550,0.77368399268
260681306,0.77368399268
616783461,0.77368399268
506579414,0.77368399268
867665024,0.77368399268
354966709,0.77368399268
412437283,0.77368399268
304966766,0.77368399268
570465351,0.433992300846
463124372,0.433992300846
196694044,0.433992300846
525290767,0.433992300846
805630121,0.433992300846
800373997,0.433992300846
619125806,0.433992300846
415071298,0.433992300846
218657643,0.433992300846
862917855,0.433992300846
882788841,0.864807061959
197580804,0.864807061959
591795099,0.864807061959
615606901,0.864807061959
450421575,0.864807061959
203434568,0.864807061959
591026563,0.864807061959
613695502,0.864807061959
557581972,0.864807061959
766365523,0.864807061959
740323171,3.44083601286
196544507,3.44083601286
128611228,3.44083601286
443413555,3.44083601286
580279801,3.44083601286
862025138,3.44083601286
281739464,3.44083601286
717387433,3.44083601286
364521132,3.44083601286
885861810,3.44083601286
890218221,-1.86226790605e-05
733264287,-1.86226790605e-05
750569496,-1.86226790605e-05
351366787,-1.86226790605e-05
265118976,-1.86226790605e-05
631725025,-1.86226790605e-05
760610704,-1.86226790605e-05
546384968,-1.86226790605e-05
128933551,-1.86226790605e-05
827243934,-1.86226790605e-05
891456769,5.13647857425
238348071,5.13647857425
620205527,5.13647857425
502562591,5.13647857425
140495032,5.13647857425
391737574,5.13647857425
375971364,5.13647857425
890563698,5.13647857425
273926146,5.13647857425
313547523,5.13647857425
167214717,-1.38512272268e-05
802688041,-1.38512272268e-05
304176172,-1.38512272268e-05
276368745,-1.38512272268e-05
613418037,-1.38512272268e-05
438146050,-1.38512272268e-05
233960985,-1.38512272268e-05
361720695,-1.38512272268e-05
882235715,-1.38512272268e-05
797812096,-1.38512272268e-05
218157085,0.5450566067
701241377,0.5450566067
319972082,0.5450566067
887585614,0.5450566067
349832731,0.5450566067
636737735,0.5450566067
534618545,0.5450566067
663069427,0.5450566067
263596326,0.5450566067
656081448,0.5450566067
458823981,0.388019207683
774531302,0.388019207683
293615276,0.388019207683
379056213,0.388019207683
236022748,0.388019207683
663858968,0.388019207683
759724155,0.388019207683
165822138,0.388019207683
689749629,0.388019207683
550295775,0.388019207683
851992599,1.71994891384
645691476,1.71994891384
308648701,1.71994891384
154601528,1.71994891384
305581971,1.71994891384
276193052,1.71994891384
279191219,1.71994891384
516634126,1.71994891384
886972789,1.71994891384
736865750,1.71994891384
737586426,6.48041935484
891010006,6.48041935484
571874766,6.48041935484
522155623,6.48041935484
167556945,6.48041935484
894410101,6.48041935484
199123675,6.48041935484
534908310,6.48041935484
532409887,6.48041935484
880423171,6.48041935484
736430448,6.48718146718
726602035,6.48718146718
763920255,6.48718146718
438756107,6.48718146718
608802986,6.48718146718
537326908,6.48718146718
261929083,6.48718146718
610303456,6.48718146718
421735888,6.48718146718
232753840,6.48718146718
517855222,-1.22103011106e-05
577569181,-1.22103011106e-05
663738143,-1.22103011106e-05
434889708,-1.22103011106e-05
557508123,-1.22103011106e-05
591662521,-1.22103011106e-05
625750195,-1.22103011106e-05
280859103,-1.22103011106e-05
192205820,-1.22103011106e-05
463584009,-1.22103011106e-05
580905484,4.22882685601
102658590,4.22882685601
520695152,4.22882685601
336398094,4.22882685601
410341673,4.22882685601
737771557,4.22882685601
322574626,4.22882685601
511079409,4.22882685601
690450112,4.22882685601
818624914,4.22882685601
868808160,3.38058447489
504784049,3.38058447489
334102355,3.38058447489
290891670,3.38058447489
321354483,3.38058447489
376502833,3.38058447489
669158636,3.38058447489
603464033,3.38058447489
877405679,3.38058447489
520297568,3.38058447489
337692277,1.84735081046
593450837,1.84735081046
859531148,1.84735081046
674846128,1.84735081046
379638050,1.84735081046
770624426,1.84735081046
461772758,1.84735081046
835233131,1.84735081046
120037991,1.84735081046
495935144,1.84735081046
718520077,6.640725
517825161,6.640725
593338146,6.640725
538081270,6.640725
455506435,6.640725
233123308,6.640725
428704412,6.640725
609990731,6.640725
158457879,6.640725
736173459,6.640725
842235196,0.433992300846
451345475,0.433992300846
855369061,0.433992300846
794667283,0.433992300846
352060426,0.433992300846
343104045,0.433992300846
851570299,0.433992300846
212740950,0.433992300846
470547685,0.433992300846
255695857,0.433992300846
417397324,8.27314297397
418225872,8.27314297397
727964841,8.27314297397
174707186,8.27314297397
849878621,8.27314297397
667666165,8.27314297397
411070214,8.27314297397
114090238,8.27314297397
333209455,8.27314297397
131910760,8.27314297397
820632137,1.14360442028
460410838,1.14360442028
784493600,1.14360442028
832034030,1.14360442028
473355277,1.14360442028
666573872,1.14360442028
477673190,1.14360442028
830325963,1.14360442028
212430265,1.14360442028
815933979,1.14360442028
633991409,0.223910117754
585091704,0.223910117754
297288775,0.223910117754
534656788,0.223910117754
772677848,0.223910117754
484125194,0.223910117754
230998897,0.223910117754
370943456,0.223910117754
264374602,0.223910117754
562467920,0.223910117754
843039425,0.249625441143
673424624,0.249625441143
246543950,0.249625441143
267670494,0.249625441143
706285211,0.249625441143
458304831,0.249625441143
533298880,0.249625441143
459289355,0.249625441143
576748689,0.249625441143
191069802,0.249625441143
300724992,-1.20560093721e-05
692085493,-1.20560093721e-05
540115472,-1.20560093721e-05
519847151,-1.20560093721e-05
692893410,-1.20560093721e-05
423917404,-1.20560093721e-05
581947145,-1.20560093721e-05
451458813,-1.20560093721e-05
132849359,-1.20560093721e-05
800767805,-1.20560093721e-05
360126467,0.191384046156
660985193,0.191384046156
139978631,0.191384046156
661882750,0.191384046156
117312202,0.191384046156
785256426,0.191384046156
750325031,0.191384046156
600709623,0.191384046156
612745940,0.191384046156
506079256,0.191384046156
487985773,-1.684182218e-05
241339636,-1.684182218e-05
517941488,-1.684182218e-05
861577822,-1.684182218e-05
401048527,-1.684182218e-05
166517578,-1.684182218e-05
437763252,-1.684182218e-05
211269273,-1.684182218e-05
833641813,-1.684182218e-05
159486527,-1.684182218e-05
827048454,0.372968005446
306050560,0.372968005446
458844760,0.372968005446
274106902,0.372968005446
774479428,0.372968005446
690580080,0.372968005446
884421534,0.372968005446
474174170,0.372968005446
767725432,0.372968005446
170375057,0.372968005446
347201954,1.71994891384
365749188,1.71994891384
696660618,1.71994891384
384052202,1.71994891384
765282479,1.71994891384
809348308,1.71994891384
697718475,1.71994891384
117913255,1.71994891384
235243520,1.71994891384
102504488,1.71994891384
349707668,-1.30094384808e-05
259657956,-1.30094384808e-05
621301487,-1.30094384808e-05
663598587,-1.30094384808e-05
828227902,-1.30094384808e-05
316252393,-1.30094384808e-05
392118400,-1.30094384808e-05
844063314,-1.30094384808e-05
650557666,-1.30094384808e-05
815804809,-1.30094384808e-05
829366610,2.84573954069
841559186,2.84573954069
506033308,2.84573954069
617642660,2.84573954069
611701384,2.84573954069
889916212,2.84573954069
828846589,2.84573954069
145442885,2.84573954069
886617203,2.84573954069
338010227,2.84573954069
381374829,0.916936170213
199321719,0.916936170213
218882815,0.916936170213
821595475,0.916936170213
195957486,0.916936170213
706920246,0.916936170213
177535625,0.916936170213
276896596,0.916936170213
803803559,0.916936170213
892111063,0.916936170213
589444486,12.0
814228887,12.0
559230617,12.0
602445412,12.0
821095603,12.0
800478392,12.0
315651593,12.0
766326524,12.0
383610076,12.0
452502528,12.0
333050288,10.8467675942
889380873,10.8467675942
741822056,10.8467675942
817788357,10.8467675942
263468387,10.8467675942
552648906,10.8467675942
432504649,10.8467675942
293823828,10.8467675942
413589213,10.8467675942
668188831,10.8467675942
375735573,1.50563240506
520661251,1.50563240506
882865403,1.50563240506
606610028,1.50563240506
433855314,1.50563240506
352002858,1.50563240506
427359232,1.50563240506
331493290,1.50563240506
129434603,1.50563240506
309100054,1.50563240506
406175320,0.542058769875
515933703,0.542058769875
612568811,0.542058769875
496842004,0.542058769875
782958386,0.542058769875
629044245,0.542058769875
577900039,0.542058769875
503985964,0.542058769875
349989156,0.542058769875
108417524,0.542058769875
577796578,1.7253869084
334525116,1.7253869084
876874582,1.7253869084
355663618,1.7253869084
697419012,1.7253869084
767502690,1.7253869084
336076837,1.7253869084
449306852,1.7253869084
799961561,1.7253869084
732354705,1.7253869084
115597095,1.61568685121
827774905,1.61568685121
841990808,1.61568685121
748689809,1.61568685121
773219737,1.61568685121
707938857,1.61568685121
785498036,1.61568685121
263353406,1.61568685121
103135412,1.61568685121
514015242,1.61568685121
590525190,0.39479804665
274296023,0.39479804665
535515160,0.39479804665
146549022,0.39479804665
475166561,0.39479804665
165894812,0.39479804665
569847932,0.39479804665
527672634,0.39479804665
337372612,0.39479804665
610895761,0.39479804665
256030857,8.27314297397
283404116,8.27314297397
248021344,8.27314297397
783735234,8.27314297397
214892055,8.27314297397
630565290,8.27314297397
261533533,8.27314297397
787941422,8.27314297397
270756549,8.27314297397
145308732,8.27314297397
134832047,5.13647857425
767578239,5.13647857425
708869181,5.13647857425
578911954,5.13647857425
241423664,5.13647857425
474567421,5.13647857425
159740038,5.13647857425
888266043,5.13647857425
329096675,5.13647857425
835003150,5.13647857425
553635527,-1.00559143139e-05
651019364,-1.00559143139e-05
453997560,-1.00559143139e-05
413390659,-1.00559143139e-05
646910481,-1.00559143139e-05
265355365,-1.00559143139e-05
598891586,-1.00559143139e-05
135454590,-1.00559143139e-05
656466548,-1.00559143139e-05
827364563,-1.00559143139e-05
280944222,3.31580223925
329583010,3.31580223925
340445502,3.31580223925
831177490,3.31580223925
472665820,3.31580223925
412261868,3.31580223925
308608435,3.31580223925
383042828,3.31580223925
812920676,3.31580223925
633902431,3.31580223925
400379714,1.84735081046
840620580,1.84735081046
223193083,1.84735081046
477989762,1.84735081046
457371550,1.84735081046
663943840,1.84735081046
793653900,1.84735081046
801518749,1.84735081046
367520416,1.84735081046
563949064,1.84735081046
811276920,-1.50599781965e-05
837225498,-1.50599781965e-05
287434457,-1.50599781965e-05
342208303,-1.50599781965e-05
472035619,-1.50599781965e-05
423794823,-1.50599781965e-05
109117069,-1.50599781965e-05
662292661,-1.50599781965e-05
251189833,-1.50599781965e-05
347616855,-1.50599781965e-05
516997408,0.677898639489
248177344,0.677898639489
322801738,0.677898639489
602089743,0.677898639489
142655853,0.677898639489
578724503,0.677898639489
603130851,0.677898639489
627086398,0.677898639489
111464384,0.677898639489
545631916,0.677898639489
347969599,1.20759132147
695266022,1.20759132147
833060566,1.20759132147
486134058,1.20759132147
376176319,1.20759132147
820491870,1.20759132147
697031753,1.20759132147
737075989,1.20759132147
462634284,1.20759132147
125896922,1.20759132147
204465677,0.540143041237
815223802,0.540143041237
551954599,0.540143041237
553477156,0.540143041237
370163497,0.540143041237
598442526,0.540143041237
880447832,0.540143041237
549227069,0.540143041237
174156959,0.540143041237
478359807,0.540143041237
279040513,0.0323038808135
448187659,0.0323038808135
570888654,0.0323038808135
697319545,0.0323038808135
277796088,0.0323038808135
170112048,0.0323038808135
604485158,0.0323038808135
378396178,0.0323038808135
810650610,0.0323038808135
304223465,0.0323038808135
477743769,0.396641091219
491512832,0.396641091219
194941060,0.396641091219
340778206,0.396641091219
252808805,0.396641091219
794073068,0.396641091219
544768380,0.396641091219
368712254,0.396641091219
166671758,0.396641091219
174778302,0.396641091219
534469550,-1.22103011106e-05
879735901,-1.22103011106e-05
634729830,-1.22103011106e-05
332679227,-1.22103011106e-05
491374040,-1.22103011106e-05
339601825,-1.22103011106e-05
168000465,-1.22103011106e-05
854887324,-1.22103011106e-05
208151885,-1.22103011106e-05
344032153,-1.22103011106e-05
368906177,2.93924814815
860872781,2.93924814815
776320022,2.93924814815
873637214,2.93924814815
730081983,2.93924814815
366232520,2.93924814815
406972562,2.93924814815
295726905,2.93924814815
399579642,2.93924814815
607184502,2.93924814815
797389850,0.176771138249
494708940,0.176771138249
218220794,0.176771138249
438345927,0.176771138249
776089556,0.176771138249
710947109,0.176771138249
572491827,0.176771138249
437094252,0.176771138249
627788690,0.176771138249
305410302,0.176771138249
178197678,0.905497417728
494324301,0.905497417728
120870623,0.905497417728
816970246,0.905497417728
114632689,0.905497417728
436457820,0.905497417728
315189240,0.905497417728
710701118,0.905497417728
168293279,0.905497417728
650147983,0.905497417728
378875925,11.4497318853
607420275,11.4497318853
851469357,11.4497318853
470210532,11.4497318853
511196062,11.4497318853
437637690,11.4497318853
112611010,11.4497318853
577126016,11.4497318853
479530839,11.4497318853
391095316,11.4497318853
252790913,0.343021158129
308567572,0.343021158129
741055755,0.343021158129
557484861,0.343021158129
536053864,0.343021158129
245685512,0.343021158129
159186740,0.343021158129
227199773,0.343021158129
550124274,0.343021158129
221665709,0.343021158129
243768116,1.41169685917
563125685,1.41169685917
554893550,1.41169685917
770353053,1.41169685917
273059878,1.41169685917
831259116,1.41169685917
109060318,1.41169685917
619594778,1.41169685917
373530805,1.41169685917
513710556,1.41169685917
156015890,-1.70326128237e-05
204726287,-1.70326128237e-05
702111370,-1.70326128237e-05
813771409,-1.70326128237e-05
704177332,-1.70326128237e-05
839769816,-1.70326128237e-05
226413388,-1.70326128237e-05
439848419,-1.70326128237e-05
353359586,-1.70326128237e-05
431120910,-1.70326128237e-05
252061046,-1.20560093721e-05
335527154,-1.20560093721e-05
372392889,-1.20560093721e-05
334927054,-1.20560093721e-05
331820881,-1.20560093721e-05
187827940,-1.20560093721e-05
568720476,-1.20560093721e-05
456638672,-1.20560093721e-05
222246790,-1.20560093721e-05
135986880,-1.20560093721e-05
573185006,3.13011627907
251721745,3.13011627907
559882809,3.13011627907
162078990,3.13011627907
481453084,3.13011627907
321997791,3.13011627907
749010053,3.13011627907
602771026,3.13011627907
156177028,3.13011627907
728596754,3.13011627907
448768277,1.77855586066
168243930,1.77855586066
155132771,1.77855586066
428797115,1.77855586066
581752408,1.77855586066
628994661,1.77855586066
329866311,1.77855586066
332739176,1.77855586066
272310651,1.77855586066
848842577,1.77855586066
402936847,8.89214156003
105853628,8.89214156003
899839643,8.89214156003
467025703,8.89214156003
188168334,8.89214156003
202038267,8.89214156003
796179364,8.89214156003
172519618,8.89214156003
255487357,8.89214156003
642427351,8.89214156003
179512477,1.7253869084
336845748,1.7253869084
818222360,1.7253869084
466907886,1.7253869084
693846673,1.7253869084
552031311,1.7253869084
764773432,1.7253869084
860753141,1.7253869084
297296648,1.7253869084
119709464,1.7253869084
287453576,1.54347244094
545338811,1.54347244094
132269544,1.54347244094
811221362,1.54347244094
447596756,1.54347244094
253074750,1.54347244094
708123201,1.54347244094
343156505,1.54347244094
670757858,1.54347244094
673701890,1.54347244094
422099260,0.542058769875
353137693,0.542058769875
518860669,0.542058769875
450975388,0.542058769875
476530573,0.542058769875
334075763,0.542058769875
302727804,0.542058769875
147626765,0.542058769875
896739500,0.542058769875
831578729,0.542058769875
892956052,3.44083601286
883849846,3.44083601286
491048188,3.44083601286
607726759,3.44083601286
893695660,3.44083601286
642958359,3.44083601286
237198865,3.44083601286
226580293,3.44083601286
471132648,3.44083601286
161818366,3.44083601286
582037441,1.57355737705
237331983,1.57355737705
370683693,1.57355737705
536783916,1.57355737705
305738478,1.57355737705
892689035,1.57355737705
555634791,1.57355737705
248224314,1.57355737705
648864984,1.57355737705
589003380,1.57355737705
704261445,0.643257727273
589722372,0.643257727273
751752187,0.643257727273
896853039,0.643257727273
323619488,0.643257727273
561566287,0.643257727273
894796131,0.643257727273
520516402,0.643257727273
277803643,0.643257727273
367677239,0.643257727273
133394737,0.388718579884
549363659,0.388718579884
590647761,0.388718579884
661295876,0.388718579884
420250805,0.388718579884
695013762,0.388718579884
649082112,0.388718579884
873156260,0.388718579884
544231112,0.388718579884
874807065,0.388718579884
891973765,0.910208209777
537163944,0.910208209777
864612996,0.910208209777
778414779,0.910208209777
852642328,0.910208209777
194985291,0.910208209777
470997581,0.910208209777
408417853,0.910208209777
108241845,0.910208209777
417043125,0.910208209777
605675956,3.31580223925
807311612,3.31580223925
161646129,3.31580223925
826031304,3.31580223925
890479649,3.31580223925
830381379,3.31580223925
573143314,3.31580223925
560826007,3.31580223925
677722264,3.31580223925
290869042,3.31580223925
545921634,0.249625441143
703644424,0.249625441143
616706364,0.249625441143
244715606,0.249625441143
499060430,0.249625441143
685864287,0.249625441143
307653147,0.249625441143
263446186,0.249625441143
558596257,0.249625441143
713470662,0.249625441143
523529655,2.07943069307
540308519,2.07943069307
596541752,2.07943069307
494759886,2.07943069307
376151611,2.07943069307
216097943,2.07943069307
624346436,2.07943069307
131289531,2.07943069307
313444651,2.07943069307
483542188,2.07943069307
279951161,1.76382090275
399483471,1.76382090275
493604635,1.76382090275
371362582,1.76382090275
760924933,1.76382090275
715025531,1.76382090275
480849502,1.76382090275
316588327,1.76382090275
613325575,1.76382090275
402513706,1.76382090275
346763421,1.78946153846
121918989,1.78946153846
812753379,1.78946153846
467921146,1.78946153846
590093291,1.78946153846
154126674,1.78946153846
496713409,1.78946153846
222696348,1.78946153846
513233367,1.78946153846
396307868,1.78946153846
400739954,1.80076379066
774422456,1.80076379066
500259717,1.80076379066
129812282,1.80076379066
537781260,1.80076379066
418428505,1.80076379066
893468057,1.80076379066
613449746,1.80076379066
580327009,1.80076379066
521461721,1.80076379066
250308001,10.8467675942
682865212,10.8467675942
613828634,10.8467675942
623026429,10.8467675942
328872978,10.8467675942
469866251,10.8467675942
475350849,10.8467675942
221536039,10.8467675942
844706078,10.8467675942
510563067,10.8467675942
268945882,-1.684182218e-05
684070354,-1.684182218e-05
791242502,-1.684182218e-05
195068807,-1.684182218e-05
888302204,-1.684182218e-05
760043739,-1.684182218e-05
680984427,-1.684182218e-05
311166060,-1.684182218e-05
477897069,-1.684182218e-05
227053257,-1.684182218e-05
757236132,6.91102387268
357399784,6.91102387268
267328328,6.91102387268
563117953,6.91102387268
253885295,6.91102387268
486105700,6.91102387268
706882434,6.91102387268
258078001,6.91102387268
158154804,6.91102387268
262676773,6.91102387268
499307033,0.368589775875
628484960,0.368589775875
698853859,0.368589775875
244372962,0.368589775875
775619442,0.368589775875
373071713,0.368589775875
771363373,0.368589775875
655480379,0.368589775875
191065931,0.368589775875
320057902,0.368589775875
264786265,0.249625441143
305003991,0.249625441143
361008510,0.249625441143
474524164,0.249625441143
611198832,0.249625441143
709849378,0.249625441143
766091109,0.249625441143
282242665,0.249625441143
773910654,0.249625441143
711045533,0.249625441143
806205439,-1.78581740992e-05
539796169,-1.78581740992e-05
115949525,-1.78581740992e-05
848662304,-1.78581740992e-05
473878180,-1.78581740992e-05
374184878,-1.78581740992e-05
677734717,-1.78581740992e-05
502367225,-1.78581740992e-05
439284185,-1.78581740992e-05
253886762,-1.78581740992e-05
287976875,0.445985116117
821847168,0.445985116117
143409396,0.445985116117
475521817,0.445985116117
761093600,0.445985116117
417722713,0.445985116117
656143264,0.445985116117
739794554,0.445985116117
408677961,0.445985116117
215316710,0.445985116117
238551516,0.263755700821
475186393,0.263755700821
837922308,0.263755700821
883342362,0.263755700821
455583045,0.263755700821
616585670,0.263755700821
546535763,0.263755700821
719694566,0.263755700821
521850484,0.263755700821
705080125,0.263755700821
112369428,0.433992300846
587617913,0.433992300846
843363434,0.433992300846
110445748,0.433992300846
533769564,0.433992300846
633652058,0.433992300846
296796686,0.433992300846
382056702,0.433992300846
788348194,0.433992300846
212649276,0.433992300846
168505860,12.0
297902184,12.0
173467834,12.0
738853418,12.0
327291094,12.0
307467571,12.0
116020014,12.0
376913687,12.0
712672608,12.0
353917037,12.0
141401830,3.38058447489
154808143,3.38058447489
298157237,3.38058447489
549578547,3.38058447489
404855897,3.38058447489
796869247,3.38058447489
820783771,3.38058447489
285177286,3.38058447489
191017974,3.38058447489
113058916,3.38058447489
534068489,6.91102387268
158812592,6.91102387268
514625131,6.91102387268
345874251,6.91102387268
139891896,6.91102387268
619951618,6.91102387268
506804379,6.91102387268
704681512,6.91102387268
487662295,6.91102387268
169228263,6.91102387268
739721119,-1.40608037587e-05
426659355,-1.40608037587e-05
225930987,-1.40608037587e-05
435927909,-1.40608037587e-05
241225467,-1.40608037587e-05
859044843,-1.40608037587e-05
497174914,-1.40608037587e-05
326421470,-1.40608037587e-05
513169813,-1.40608037587e-05
229549053,-1.40608037587e-05
446224023,11.4497318853
187641314,11.4497318853
490058267,11.4497318853
157549719,11.4497318853
833074493,11.4497318853
487190196,11.4497318853
607359967,11.4497318853
255549044,11.4497318853
658381203,11.4497318853
648412071,11.4497318853
503428554,0.180882524461
475760136,0.180882524461
850830690,0.180882524461
766857289,0.180882524461
377612077,0.180882524461
295772817,0.180882524461
374913964,0.180882524461
718346636,0.180882524461
830667529,0.180882524461
512484521,0.180882524461
366420682,-1.78581740992e-05
182956921,-1.78581740992e-05
288961984,-1.78581740992e-05
242904256,-1.78581740992e-05
411886824,-1.78581740992e-05
778065319,-1.78581740992e-05
762341654,-1.78581740992e-05
850150571,-1.78581740992e-05
658048593,-1.78581740992e-05
708360584,-1.78581740992e-05
705714245,1.77855586066
806483221,1.77855586066
695858791,1.77855586066
171303545,1.77855586066
248521818,1.77855586066
820622710,1.77855586066
286930728,1.77855586066
662701820,1.77855586066
708481582,1.77855586066
380138850,1.77855586066
714907626,-1.70326128237e-05
740954121,-1.70326128237e-05
657223288,-1.70326128237e-05
718855146,-1.70326128237e-05
650547719,-1.70326128237e-05
667209086,-1.70326128237e-05
767855335,-1.70326128237e-05
345911262,-1.70326128237e-05
177039010,-1.70326128237e-05
687082853,-1.70326128237e-05
140884481,3.63250746269
165004423,3.63250746269
590198831,3.63250746269
671634766,3.63250746269
416370312,3.63250746269
718951365,3.63250746269
676035515,3.63250746269
558962966,3.63250746269
759401242,3.63250746269
725075393,3.63250746269
712416012,-1.00559143139e-05
308212528,-1.00559143139e-05
386878533,-1.00559143139e-05
683400030,-1.00559143139e-05
219174748,-1.00559143139e-05
622106632,-1.00559143139e-05
848015116,-1.00559143139e-05
627848800,-1.00559143139e-05
388204388,-1.00559143139e-05
328013650,-1.00559143139e-05
524943198,-1.20560093721e-05
669549408,-1.20560093721e-05
724734692,-1.20560093721e-05
620680991,-1.20560093721e-05
800975040,-1.20560093721e-05
638969764,-1.20560093721e-05
493100274,-1.20560093721e-05
379508879,-1.20560093721e-05
867450405,-1.20560093721e-05
667970208,-1.20560093721e-05
134277021,0.223910117754
626470707,0.223910117754
621137183,0.223910117754
252529098,0.223910117754
180451769,0.223910117754
398266564,0.223910117754
867372000,0.223910117754
694400947,0.223910117754
686268825,0.223910117754
651760964,0.223910117754
458006645,-1.50599781965e-05
705383818,-1.50599781965e-05
271036570,-1.50599781965e-05
149068522,-1.50599781965e-05
706152836,-1.50599781965e-05
394327629,-1.50599781965e-05
531667248,-1.50599781965e-05
722442842,-1.50599781965e-05
165181922,-1.50599781965e-05
289171439,-1.50599781965e-05
364865670,-1.50599781965e-05
572328251,-1.50599781965e-05
768280162,-1.50599781965e-05
361518969,-1.50599781965e-05
130031394,-1.50599781965e-05
718303188,-1.50599781965e-05
224917688,-1.50599781965e-05
320555798,-1.50599781965e-05
705318828,-1.50599781965e-05
505846723,-1.50599781965e-05
590357364,1.62966052376
238445116,1.62966052376
217253217,1.62966052376
412766489,1.62966052376
298180753,1.62966052376
488250221,1.62966052376
574554113,1.62966052376
836090520,1.62966052376
884188874,1.62966052376
250644167,1.62966052376
589001322,12.0
401236102,12.0
588368200,12.0
823367082,12.0
607543836,12.0
118672058,12.0
572043158,12.0
416269332,12.0
678848815,12.0
352806472,12.0
266015943,1.50563240506
249349920,1.50563240506
750864914,1.50563240506
499864847,1.50563240506
593993668,1.50563240506
398524649,1.50563240506
868580990,1.50563240506
493639892,1.50563240506
735587729,1.50563240506
680836386,1.50563240506
106554501,0.617951287794
228916521,0.617951287794
444882824,0.617951287794
893400395,0.617951287794
694796437,0.617951287794
815049587,0.617951287794
685539683,0.617951287794
492187564,0.617951287794
768696806,0.617951287794
497130966,0.617951287794
239716271,0.952388013699
805822851,0.952388013699
635234156,0.952388013699
224961063,0.952388013699
855661810,0.952388013699
392845225,0.952388013699
595919219,0.952388013699
524016325,0.952388013699
835227616,0.952388013699
469897600,0.952388013699
143326069,-1.58038947377e-05
337854774,-1.58038947377e-05
182686761,-1.58038947377e-05
510712789,-1.58038947377e-05
454726605,-1.58038947377e-05
830461367,-1.58038947377e-05
269894627,-1.58038947377e-05
162947406,-1.58038947377e-05
698075998,-1.58038947377e-05
843379445,-1.58038947377e-05
742867409,0.326598768473
536272600,0.326598768473
671862075,0.326598768473
506273641,0.326598768473
683353813,0.326598768473
561522912,0.326598768473
496665345,0.326598768473
616692411,0.326598768473
408423089,0.326598768473
725959254,0.326598768473
454561515,0.41595216728
675115276,0.41595216728
664758453,0.41595216728
894402802,0.41595216728
777227734,0.41595216728
274161105,0.41595216728
392152152,0.41595216728
273240149,0.41595216728
585873763,0.41595216728
117807007,0.41595216728
220596368,0.483446726573
164599722,0.483446726573
473330905,0.483446726573
323012623,0.483446726573
744581849,0.483446726573
299860504,0.483446726573
835285965,0.483446726573
786600108,0.483446726573
753919310,0.483446726573
492712643,0.483446726573
380878372,0.693921912351
117392638,0.693921912351
571457474,0.693921912351
800826616,0.693921912351
207080472,0.693921912351
461455457,0.693921912351
738809224,0.693921912351
507186426,0.693921912351
103946435,0.693921912351
185637885,0.693921912351
230936881,1.76382090275
530116780,1.76382090275
515110160,1.76382090275
226275336,1.76382090275
235137966,1.76382090275
463375508,1.76382090275
336313092,1.76382090275
843758999,1.76382090275
802082988,1.76382090275
145476167,1.76382090275
183894095,-1.684182218e-05
479585364,-1.684182218e-05
169068410,-1.684182218e-05
389703160,-1.684182218e-05
368360590,-1.684182218e-05
384985107,-1.684182218e-05
212856388,-1.684182218e-05
324893928,-1.684182218e-05
440128833,-1.684182218e-05
527986625,-1.684182218e-05
663118922,4.00249222065
572385576,4.00249222065
621999356,4.00249222065
898153937,4.00249222065
141974735,4.00249222065
247633502,4.00249222065
161578444,4.00249222065
596400377,4.00249222065
689563494,4.00249222065
171309353,4.00249222065
445772401,-1.60840372944e-05
175615951,-1.60840372944e-05
523837838,-1.60840372944e-05
830048484,-1.60840372944e-05
534962996,-1.60840372944e-05
326362385,-1.60840372944e-05
874496141,-1.60840372944e-05
289285283,-1.60840372944e-05
517332822,-1.60840372944e-05
787359945,-1.60840372944e-05
660345007,12.0
798151543,12.0
776716997,12.0
633527938,12.0
284862647,12.0
277419587,12.0
493844153,12.0
865980559,12.0
535446182,12.0
387220643,12.0
538729214,4.50529054054
841761321,4.50529054054
452772197,4.50529054054
715543838,4.50529054054
743681085,4.50529054054
439642569,4.50529054054
674520142,4.50529054054
559487779,4.50529054054
761747148,4.50529054054
818979976,4.50529054054
396841568,0.482134715026
703433094,0.482134715026
695723692,0.482134715026
778451141,0.482134715026
520162074,0.482134715026
791477025,0.482134715026
587867712,0.482134715026
144462143,0.482134715026
849240922,0.482134715026
619188043,0.482134715026
505083403,1.20759132147
220360688,1.20759132147
437131963,1.20759132147
516501358,1.20759132147
839738429,1.20759132147
104762185,1.20759132147
648644653,1.20759132147
602654825,1.20759132147
158539264,1.20759132147
444803839,1.20759132147
151939924,0.540143041237
820505943,0.540143041237
120557574,0.540143041237
585503748,0.540143041237
565657343,0.540143041237
248060152,0.540143041237
638231676,0.540143041237
759078687,0.540143041237
746424469,0.540143041237
736227467,0.540143041237
537576855,3.10173333333
594088738,3.10173333333
366192087,3.10173333333
507178196,3.10173333333
177330913,3.10173333333
884434873,3.10173333333
448962360,3.10173333333
895083941,3.10173333333
381123232,3.10173333333
615078594,3.10173333333
842657866,-1.30094384808e-05
515636853,-1.30094384808e-05
445842347,-1.30094384808e-05
649457425,-1.30094384808e-05
137189485,-1.30094384808e-05
632659579,-1.30094384808e-05
851981526,-1.30094384808e-05
563145473,-1.30094384808e-05
643293565,-1.30094384808e-05
721831291,-1.30094384808e-05
838519178,-1.86226790605e-05
399352512,-1.86226790605e-05
154360525,-1.86226790605e-05
726941243,-1.86226790605e-05
619416554,-1.86226790605e-05
345584261,-1.86226790605e-05
116608035,-1.86226790605e-05
129402944,-1.86226790605e-05
532283578,-1.86226790605e-05
694564343,-1.86226790605e-05
343260334,3.13011627907
159584874,3.13011627907
249128200,3.13011627907
578895442,3.13011627907
292008573,3.13011627907
217051320,3.13011627907
429611845,3.13011627907
314569661,3.13011627907
395704874,3.13011627907
420443854,3.13011627907
117726166,3.06849056604
356063443,3.06849056604
245938158,3.06849056604
246341778,3.06849056604
277082537,3.06849056604
766530558,3.06849056604
423733405,3.06849056604
471394741,3.06849056604
569071896,3.06849056604
826980470,3.06849056604
348710081,0.786913666329
594263343,0.786913666329
589813891,0.786913666329
599894412,0.786913666329
638179152,0.786913666329
365809563,0.786913666329
213451477,0.786913666329
717244454,0.786913666329
285197335,0.786913666329
197341407,0.786913666329
441471168,-1.86226790605e-05
194061721,-1.86226790605e-05
467204923,-1.86226790605e-05
163522201,-1.86226790605e-05
543532459,-1.86226790605e-05
137989444,-1.86226790605e-05
635032049,-1.86226790605e-05
257437177,-1.86226790605e-05
764266349,-1.86226790605e-05
617251720,-1.86226790605e-05
462023369,12.0
401521915,12.0
552312400,12.0
442957035,12.0
388956305,12.0
602261602,12.0
270723740,12.0
516641446,12.0
816943146,12.0
139533499,12.0
488606427,12.0
897256879,12.0
473525733,12.0
888557277,12.0
187197158,12.0
506343309,12.0
114335262,12.0
323755079,12.0
647828098,12.0
239414541,12.0
325341970,1.56901837672
827000525,1.56901837672
769518236,1.56901837672
711044576,1.56901837672
412574270,1.56901837672
264279961,1.56901837672
527959196,1.56901837672
473331989,1.56901837672
709807636,1.56901837672
729612540,1.56901837672
594718054,-1.684182218e-05
519327886,-1.684182218e-05
509795677,-1.684182218e-05
211847506,-1.684182218e-05
101023789,-1.684182218e-05
290490641,-1.684182218e-05
278635170,-1.684182218e-05
246736188,-1.684182218e-05
307673680,-1.684182218e-05
229684487,-1.684182218e-05
132430549,2.12811490126
130410768,2.12811490126
291598333,2.12811490126
852587504,2.12811490126
846243758,2.12811490126
151342547,2.12811490126
108098022,2.12811490126
859283653,2.12811490126
313499378,2.12811490126
334061962,2.12811490126
264071876,-1.00559143139e-05
573095428,-1.00559143139e-05
141082926,-1.00559143139e-05
708130603,-1.00559143139e-05
437107895,-1.00559143139e-05
430501511,-1.00559143139e-05
270966246,-1.00559143139e-05
755873652,-1.00559143139e-05
317703081,-1.00559143139e-05
860087047,-1.00559143139e-05
325144294,8.89214156003
410975864,8.89214156003
893283486,8.89214156003
342133009,8.89214156003
310629575,8.89214156003
178447214,8.89214156003
146143052,8.89214156003
681233696,8.89214156003
655503967,8.89214156003
571097630,8.89214156003
745592518,1.56657243816
887904962,1.56657243816
788465226,1.56657243816
477832125,1.56657243816
414269204,1.56657243816
366837328,1.56657243816
554301950,1.56657243816
288355535,1.56657243816
584187591,1.56657243816
268332135,1.56657243816
141768551,10.8467675942
323080225,10.8467675942
273635187,10.8467675942
121265321,10.8467675942
798501590,10.8467675942
360080069,10.8467675942
876856523,10.8467675942
359925512,10.8467675942
388942655,10.8467675942
419958939,10.8467675942
281347285,0.823793228977
501183280,0.823793228977
335735380,0.823793228977
165536487,0.823793228977
474475071,0.823793228977
236378659,0.823793228977
603878717,0.823793228977
211988872,0.823793228977
433192273,0.823793228977
834529689,0.823793228977
769619784,1.25002081813
490715266,1.25002081813
233537840,1.25002081813
243873516,1.25002081813
426005071,1.25002081813
828611531,1.25002081813
535756656,1.25002081813
806316204,1.25002081813
558135524,1.25002081813
873542194,1.25002081813
436058991,0.263755700821
688280035,0.263755700821
497776069,0.263755700821
172031072,0.263755700821
685438738,0.263755700821
575941122,0.263755700821
133805471,0.263755700821
866893695,0.263755700821
522288855,0.263755700821
739376088,0.263755700821
255242475,-1.16692311169e-05
559421085,-1.16692311169e-05
237075689,-1.16692311169e-05
263500745,-1.16692311169e-05
409216592,-1.16692311169e-05
744642598,-1.16692311169e-05
501351840,-1.16692311169e-05
783002385,-1.16692311169e-05
302242254,-1.16692311169e-05
663173025,-1.16692311169e-05
406659958,7.35527624011
161970424,7.35527624011
878248024,7.35527624011
266426588,7.35527624011
373493983,7.35527624011
714521635,7.35527624011
765327222,7.35527624011
771426939,7.35527624011
357033958,7.35527624011
336692286,7.35527624011
381318179,12.0
756198430,12.0
518441268,12.0
751037340,12.0
800653877,12.0
380020835,12.0
437159671,12.0
374130275,12.0
359797642,12.0
280527715,12.0
833254054,-1.40608037587e-05
812564458,-1.40608037587e-05
343605093,-1.40608037587e-05
775640766,-1.40608037587e-05
220318907,-1.40608037587e-05
576846657,-1.40608037587e-05
451104470,-1.40608037587e-05
727859418,-1.40608037587e-05
796880495,-1.40608037587e-05
486795851,-1.40608037587e-05
